<?xml version="1.0" encoding="UTF-8" ?>
<!-- This is a WordPress eXtended RSS file generated by WordPress as an export of your site. -->
<!-- It contains information about your site's posts, pages, comments, categories, and other content. -->
<!-- You may use this file to transfer that content from one site to another. -->
<!-- This file is not intended to serve as a complete backup of your site. -->

<!-- To import this information into a WordPress site follow these steps: -->
<!-- 1. Log in to that site as an administrator. -->
<!-- 2. Go to Tools: Import in the WordPress admin panel. -->
<!-- 3. Install the "WordPress" importer from the list. -->
<!-- 4. Activate & Run Importer. -->
<!-- 5. Upload this file using the form provided on that page. -->
<!-- 6. You will first be asked to map the authors in this export file to users -->
<!--    on the site. For each author, you may choose to map to an -->
<!--    existing user on the site or to create a new user. -->
<!-- 7. WordPress will then import each of the posts, pages, comments, categories, etc. -->
<!--    contained in this file into your site. -->

<!-- generator="WordPress.com" created="2015-09-24 18:12"-->
<rss version="2.0"
	xmlns:excerpt="http://wordpress.org/export/1.2/excerpt/"
	xmlns:content="http://purl.org/rss/1.0/modules/content/"
	xmlns:wfw="http://wellformedweb.org/CommentAPI/"
	xmlns:dc="http://purl.org/dc/elements/1.1/"
	xmlns:wp="http://wordpress.org/export/1.2/"
>

<channel>
	<title>Chorlton Wanderers Cycle Rides Group</title>
	<link>https://chorltonwanderers.wordpress.com</link>
	<description>Monthly Cycle rides from  Chorlton, Manchester to the Cheshire countryside</description>
	<pubDate>Thu, 24 Sep 2015 18:12:55 +0000</pubDate>
	<language></language>
	<wp:wxr_version>1.2</wp:wxr_version>
	<wp:base_site_url>http://wordpress.com/</wp:base_site_url>
	<wp:base_blog_url>https://chorltonwanderers.wordpress.com</wp:base_blog_url>

	<wp:author><wp:author_id>42589548</wp:author_id><wp:author_login>chorltonwanderers</wp:author_login><wp:author_email>chorltonwanderers@yahoo.co.uk</wp:author_email><wp:author_display_name><![CDATA[chorltonwanderers]]></wp:author_display_name><wp:author_first_name><![CDATA[guy]]></wp:author_first_name><wp:author_last_name><![CDATA[lancaster]]></wp:author_last_name></wp:author>


	<generator>http://wordpress.com/</generator>
<image>
		<url>http://0.gravatar.com/blavatar/02cc08144c15bd8af584bed821d59eba?s=96&#038;d=http%3A%2F%2Fs2.wp.com%2Fi%2Fbuttonw-com.png</url>
		<title> &#187; Chorlton Wanderers Cycle Rides Group</title>
		<link>https://chorltonwanderers.wordpress.com</link>
	</image>
		
	<item>
		<title>evans</title>
		<link>https://chorltonwanderers.wordpress.com/bike-shops/evans/</link>
		<pubDate>Fri, 21 Aug 2015 19:00:13 +0000</pubDate>
		<dc:creator>chorltonwanderers</dc:creator>
		<guid isPermaLink="false">http://chorltonwanderers.files.wordpress.com/2013/09/evans.jpg</guid>
		<description></description>
		<content:encoded><![CDATA[]]></content:encoded>
		<excerpt:encoded><![CDATA[]]></excerpt:encoded>
		<wp:post_id>3761</wp:post_id>
		<wp:post_date>2015-08-21 19:00:13</wp:post_date>
		<wp:post_date_gmt>2015-08-21 19:00:13</wp:post_date_gmt>
		<wp:comment_status>open</wp:comment_status>
		<wp:ping_status>closed</wp:ping_status>
		<wp:post_name>evans</wp:post_name>
		<wp:status>inherit</wp:status>
		<wp:post_parent>1646</wp:post_parent>
		<wp:menu_order>0</wp:menu_order>
		<wp:post_type>attachment</wp:post_type>
		<wp:post_password></wp:post_password>
		<wp:is_sticky>0</wp:is_sticky>
		<wp:attachment_url>https://chorltonwanderers.files.wordpress.com/2013/09/evans.jpg</wp:attachment_url>
		<wp:postmeta>
			<wp:meta_key>_wp_attached_file</wp:meta_key>
			<wp:meta_value><![CDATA[/home/wpcom/public_html/wp-content/blogs.dir/dab/43178530/files/2013/09/evans.jpg]]></wp:meta_value>
		</wp:postmeta>
		<wp:postmeta>
			<wp:meta_key>_wp_attachment_metadata</wp:meta_key>
			<wp:meta_value><![CDATA[a:5:{s:5:"width";i:219;s:6:"height";i:76;s:4:"file";s:81:"/home/wpcom/public_html/wp-content/blogs.dir/dab/43178530/files/2013/09/evans.jpg";s:5:"sizes";a:0:{}s:10:"image_meta";a:11:{s:8:"aperture";i:0;s:6:"credit";s:0:"";s:6:"camera";s:0:"";s:7:"caption";s:0:"";s:17:"created_timestamp";i:0;s:9:"copyright";s:0:"";s:12:"focal_length";i:0;s:3:"iso";i:0;s:13:"shutter_speed";i:0;s:5:"title";s:0:"";s:11:"orientation";i:0;}}]]></wp:meta_value>
		</wp:postmeta>
	</item>
	<item>
		<title>cookson</title>
		<link>https://chorltonwanderers.wordpress.com/bike-shops/cookson/</link>
		<pubDate>Fri, 21 Aug 2015 19:05:21 +0000</pubDate>
		<dc:creator>chorltonwanderers</dc:creator>
		<guid isPermaLink="false">http://chorltonwanderers.files.wordpress.com/2013/09/cookson.jpg</guid>
		<description></description>
		<content:encoded><![CDATA[]]></content:encoded>
		<excerpt:encoded><![CDATA[]]></excerpt:encoded>
		<wp:post_id>3763</wp:post_id>
		<wp:post_date>2015-08-21 19:05:21</wp:post_date>
		<wp:post_date_gmt>2015-08-21 19:05:21</wp:post_date_gmt>
		<wp:comment_status>open</wp:comment_status>
		<wp:ping_status>closed</wp:ping_status>
		<wp:post_name>cookson</wp:post_name>
		<wp:status>inherit</wp:status>
		<wp:post_parent>1646</wp:post_parent>
		<wp:menu_order>0</wp:menu_order>
		<wp:post_type>attachment</wp:post_type>
		<wp:post_password></wp:post_password>
		<wp:is_sticky>0</wp:is_sticky>
		<wp:attachment_url>https://chorltonwanderers.files.wordpress.com/2013/09/cookson.jpg</wp:attachment_url>
		<wp:postmeta>
			<wp:meta_key>_wp_attached_file</wp:meta_key>
			<wp:meta_value><![CDATA[/home/wpcom/public_html/wp-content/blogs.dir/dab/43178530/files/2013/09/cookson.jpg]]></wp:meta_value>
		</wp:postmeta>
		<wp:postmeta>
			<wp:meta_key>_wp_attachment_metadata</wp:meta_key>
			<wp:meta_value><![CDATA[a:5:{s:5:"width";i:414;s:6:"height";i:161;s:4:"file";s:83:"/home/wpcom/public_html/wp-content/blogs.dir/dab/43178530/files/2013/09/cookson.jpg";s:5:"sizes";a:0:{}s:10:"image_meta";a:11:{s:8:"aperture";i:0;s:6:"credit";s:0:"";s:6:"camera";s:0:"";s:7:"caption";s:0:"";s:17:"created_timestamp";i:0;s:9:"copyright";s:0:"";s:12:"focal_length";i:0;s:3:"iso";i:0;s:13:"shutter_speed";i:0;s:5:"title";s:0:"";s:11:"orientation";i:0;}}]]></wp:meta_value>
		</wp:postmeta>
	</item>
	<item>
		<title>snow</title>
		<link>https://chorltonwanderers.wordpress.com/bike-shops/snow/</link>
		<pubDate>Fri, 21 Aug 2015 19:07:11 +0000</pubDate>
		<dc:creator>chorltonwanderers</dc:creator>
		<guid isPermaLink="false">http://chorltonwanderers.files.wordpress.com/2013/09/snow.png</guid>
		<description></description>
		<content:encoded><![CDATA[]]></content:encoded>
		<excerpt:encoded><![CDATA[]]></excerpt:encoded>
		<wp:post_id>3764</wp:post_id>
		<wp:post_date>2015-08-21 19:07:11</wp:post_date>
		<wp:post_date_gmt>2015-08-21 19:07:11</wp:post_date_gmt>
		<wp:comment_status>open</wp:comment_status>
		<wp:ping_status>closed</wp:ping_status>
		<wp:post_name>snow</wp:post_name>
		<wp:status>inherit</wp:status>
		<wp:post_parent>1646</wp:post_parent>
		<wp:menu_order>0</wp:menu_order>
		<wp:post_type>attachment</wp:post_type>
		<wp:post_password></wp:post_password>
		<wp:is_sticky>0</wp:is_sticky>
		<wp:attachment_url>https://chorltonwanderers.files.wordpress.com/2013/09/snow.png</wp:attachment_url>
		<wp:postmeta>
			<wp:meta_key>_wp_attached_file</wp:meta_key>
			<wp:meta_value><![CDATA[/home/wpcom/public_html/wp-content/blogs.dir/dab/43178530/files/2013/09/snow.png]]></wp:meta_value>
		</wp:postmeta>
		<wp:postmeta>
			<wp:meta_key>_wp_attachment_metadata</wp:meta_key>
			<wp:meta_value><![CDATA[a:5:{s:5:"width";i:156;s:6:"height";i:79;s:4:"file";s:80:"/home/wpcom/public_html/wp-content/blogs.dir/dab/43178530/files/2013/09/snow.png";s:5:"sizes";a:0:{}s:10:"image_meta";a:11:{s:8:"aperture";i:0;s:6:"credit";s:0:"";s:6:"camera";s:0:"";s:7:"caption";s:0:"";s:17:"created_timestamp";i:0;s:9:"copyright";s:0:"";s:12:"focal_length";i:0;s:3:"iso";i:0;s:13:"shutter_speed";i:0;s:5:"title";s:0:"";s:11:"orientation";i:0;}}]]></wp:meta_value>
		</wp:postmeta>
	</item>
	<item>
		<title>WC</title>
		<link>https://chorltonwanderers.wordpress.com/bike-shops/wc-2/</link>
		<pubDate>Fri, 21 Aug 2015 19:09:12 +0000</pubDate>
		<dc:creator>chorltonwanderers</dc:creator>
		<guid isPermaLink="false">http://chorltonwanderers.files.wordpress.com/2013/09/wc.jpg</guid>
		<description></description>
		<content:encoded><![CDATA[]]></content:encoded>
		<excerpt:encoded><![CDATA[]]></excerpt:encoded>
		<wp:post_id>3765</wp:post_id>
		<wp:post_date>2015-08-21 19:09:12</wp:post_date>
		<wp:post_date_gmt>2015-08-21 19:09:12</wp:post_date_gmt>
		<wp:comment_status>open</wp:comment_status>
		<wp:ping_status>closed</wp:ping_status>
		<wp:post_name>wc-2</wp:post_name>
		<wp:status>inherit</wp:status>
		<wp:post_parent>1646</wp:post_parent>
		<wp:menu_order>0</wp:menu_order>
		<wp:post_type>attachment</wp:post_type>
		<wp:post_password></wp:post_password>
		<wp:is_sticky>0</wp:is_sticky>
		<wp:attachment_url>https://chorltonwanderers.files.wordpress.com/2013/09/wc.jpg</wp:attachment_url>
		<wp:postmeta>
			<wp:meta_key>_wp_attached_file</wp:meta_key>
			<wp:meta_value><![CDATA[/home/wpcom/public_html/wp-content/blogs.dir/dab/43178530/files/2013/09/wc.jpg]]></wp:meta_value>
		</wp:postmeta>
		<wp:postmeta>
			<wp:meta_key>_wp_attachment_metadata</wp:meta_key>
			<wp:meta_value><![CDATA[a:5:{s:5:"width";i:713;s:6:"height";i:76;s:4:"file";s:78:"/home/wpcom/public_html/wp-content/blogs.dir/dab/43178530/files/2013/09/wc.jpg";s:5:"sizes";a:0:{}s:10:"image_meta";a:11:{s:8:"aperture";i:0;s:6:"credit";s:0:"";s:6:"camera";s:0:"";s:7:"caption";s:0:"";s:17:"created_timestamp";i:0;s:9:"copyright";s:0:"";s:12:"focal_length";i:0;s:3:"iso";i:0;s:13:"shutter_speed";i:0;s:5:"title";s:0:"";s:11:"orientation";i:0;}}]]></wp:meta_value>
		</wp:postmeta>
	</item>
	<item>
		<title>bg</title>
		<link>https://chorltonwanderers.wordpress.com/bike-shops/bg/</link>
		<pubDate>Fri, 21 Aug 2015 19:12:33 +0000</pubDate>
		<dc:creator>chorltonwanderers</dc:creator>
		<guid isPermaLink="false">http://chorltonwanderers.files.wordpress.com/2013/09/bg.png</guid>
		<description></description>
		<content:encoded><![CDATA[]]></content:encoded>
		<excerpt:encoded><![CDATA[]]></excerpt:encoded>
		<wp:post_id>3767</wp:post_id>
		<wp:post_date>2015-08-21 19:12:33</wp:post_date>
		<wp:post_date_gmt>2015-08-21 19:12:33</wp:post_date_gmt>
		<wp:comment_status>open</wp:comment_status>
		<wp:ping_status>closed</wp:ping_status>
		<wp:post_name>bg</wp:post_name>
		<wp:status>inherit</wp:status>
		<wp:post_parent>1646</wp:post_parent>
		<wp:menu_order>0</wp:menu_order>
		<wp:post_type>attachment</wp:post_type>
		<wp:post_password></wp:post_password>
		<wp:is_sticky>0</wp:is_sticky>
		<wp:attachment_url>https://chorltonwanderers.files.wordpress.com/2013/09/bg.png</wp:attachment_url>
		<wp:postmeta>
			<wp:meta_key>_wp_attached_file</wp:meta_key>
			<wp:meta_value><![CDATA[/home/wpcom/public_html/wp-content/blogs.dir/dab/43178530/files/2013/09/bg.png]]></wp:meta_value>
		</wp:postmeta>
		<wp:postmeta>
			<wp:meta_key>_wp_attachment_metadata</wp:meta_key>
			<wp:meta_value><![CDATA[a:5:{s:5:"width";i:101;s:6:"height";i:100;s:4:"file";s:78:"/home/wpcom/public_html/wp-content/blogs.dir/dab/43178530/files/2013/09/bg.png";s:5:"sizes";a:0:{}s:10:"image_meta";a:11:{s:8:"aperture";i:0;s:6:"credit";s:0:"";s:6:"camera";s:0:"";s:7:"caption";s:0:"";s:17:"created_timestamp";i:0;s:9:"copyright";s:0:"";s:12:"focal_length";i:0;s:3:"iso";i:0;s:13:"shutter_speed";i:0;s:5:"title";s:0:"";s:11:"orientation";i:0;}}]]></wp:meta_value>
		</wp:postmeta>
	</item>
	<item>
		<title>trafford</title>
		<link>https://chorltonwanderers.wordpress.com/bike-shops/trafford/</link>
		<pubDate>Fri, 21 Aug 2015 19:15:33 +0000</pubDate>
		<dc:creator>chorltonwanderers</dc:creator>
		<guid isPermaLink="false">http://chorltonwanderers.files.wordpress.com/2013/09/trafford.jpg</guid>
		<description></description>
		<content:encoded><![CDATA[]]></content:encoded>
		<excerpt:encoded><![CDATA[]]></excerpt:encoded>
		<wp:post_id>3768</wp:post_id>
		<wp:post_date>2015-08-21 19:15:33</wp:post_date>
		<wp:post_date_gmt>2015-08-21 19:15:33</wp:post_date_gmt>
		<wp:comment_status>open</wp:comment_status>
		<wp:ping_status>closed</wp:ping_status>
		<wp:post_name>trafford</wp:post_name>
		<wp:status>inherit</wp:status>
		<wp:post_parent>1646</wp:post_parent>
		<wp:menu_order>0</wp:menu_order>
		<wp:post_type>attachment</wp:post_type>
		<wp:post_password></wp:post_password>
		<wp:is_sticky>0</wp:is_sticky>
		<wp:attachment_url>https://chorltonwanderers.files.wordpress.com/2013/09/trafford.jpg</wp:attachment_url>
		<wp:postmeta>
			<wp:meta_key>_wp_attached_file</wp:meta_key>
			<wp:meta_value><![CDATA[/home/wpcom/public_html/wp-content/blogs.dir/dab/43178530/files/2013/09/trafford.jpg]]></wp:meta_value>
		</wp:postmeta>
		<wp:postmeta>
			<wp:meta_key>_wp_attachment_metadata</wp:meta_key>
			<wp:meta_value><![CDATA[a:5:{s:5:"width";i:480;s:6:"height";i:159;s:4:"file";s:84:"/home/wpcom/public_html/wp-content/blogs.dir/dab/43178530/files/2013/09/trafford.jpg";s:5:"sizes";a:0:{}s:10:"image_meta";a:11:{s:8:"aperture";i:0;s:6:"credit";s:0:"";s:6:"camera";s:0:"";s:7:"caption";s:0:"";s:17:"created_timestamp";i:0;s:9:"copyright";s:0:"";s:12:"focal_length";i:0;s:3:"iso";i:0;s:13:"shutter_speed";i:0;s:5:"title";s:0:"";s:11:"orientation";i:0;}}]]></wp:meta_value>
		</wp:postmeta>
	</item>
	<item>
		<title>revolve</title>
		<link>https://chorltonwanderers.wordpress.com/bike-shops/revolve/</link>
		<pubDate>Fri, 21 Aug 2015 19:18:17 +0000</pubDate>
		<dc:creator>chorltonwanderers</dc:creator>
		<guid isPermaLink="false">http://chorltonwanderers.files.wordpress.com/2013/09/revolve.jpg</guid>
		<description></description>
		<content:encoded><![CDATA[]]></content:encoded>
		<excerpt:encoded><![CDATA[]]></excerpt:encoded>
		<wp:post_id>3769</wp:post_id>
		<wp:post_date>2015-08-21 19:18:17</wp:post_date>
		<wp:post_date_gmt>2015-08-21 19:18:17</wp:post_date_gmt>
		<wp:comment_status>open</wp:comment_status>
		<wp:ping_status>closed</wp:ping_status>
		<wp:post_name>revolve</wp:post_name>
		<wp:status>inherit</wp:status>
		<wp:post_parent>1646</wp:post_parent>
		<wp:menu_order>0</wp:menu_order>
		<wp:post_type>attachment</wp:post_type>
		<wp:post_password></wp:post_password>
		<wp:is_sticky>0</wp:is_sticky>
		<wp:attachment_url>https://chorltonwanderers.files.wordpress.com/2013/09/revolve.jpg</wp:attachment_url>
		<wp:postmeta>
			<wp:meta_key>_wp_attached_file</wp:meta_key>
			<wp:meta_value><![CDATA[/home/wpcom/public_html/wp-content/blogs.dir/dab/43178530/files/2013/09/revolve.jpg]]></wp:meta_value>
		</wp:postmeta>
		<wp:postmeta>
			<wp:meta_key>_wp_attachment_metadata</wp:meta_key>
			<wp:meta_value><![CDATA[a:5:{s:5:"width";i:331;s:6:"height";i:110;s:4:"file";s:83:"/home/wpcom/public_html/wp-content/blogs.dir/dab/43178530/files/2013/09/revolve.jpg";s:5:"sizes";a:0:{}s:10:"image_meta";a:11:{s:8:"aperture";i:0;s:6:"credit";s:0:"";s:6:"camera";s:0:"";s:7:"caption";s:0:"";s:17:"created_timestamp";i:0;s:9:"copyright";s:0:"";s:12:"focal_length";i:0;s:3:"iso";i:0;s:13:"shutter_speed";i:0;s:5:"title";s:0:"";s:11:"orientation";i:0;}}]]></wp:meta_value>
		</wp:postmeta>
	</item>
	<item>
		<title>bikeandgo</title>
		<link>https://chorltonwanderers.wordpress.com/bike-shops/bikeandgo/</link>
		<pubDate>Fri, 21 Aug 2015 19:20:14 +0000</pubDate>
		<dc:creator>chorltonwanderers</dc:creator>
		<guid isPermaLink="false">http://chorltonwanderers.files.wordpress.com/2013/09/bikeandgo.png</guid>
		<description></description>
		<content:encoded><![CDATA[]]></content:encoded>
		<excerpt:encoded><![CDATA[]]></excerpt:encoded>
		<wp:post_id>3771</wp:post_id>
		<wp:post_date>2015-08-21 19:20:14</wp:post_date>
		<wp:post_date_gmt>2015-08-21 19:20:14</wp:post_date_gmt>
		<wp:comment_status>open</wp:comment_status>
		<wp:ping_status>closed</wp:ping_status>
		<wp:post_name>bikeandgo</wp:post_name>
		<wp:status>inherit</wp:status>
		<wp:post_parent>1646</wp:post_parent>
		<wp:menu_order>0</wp:menu_order>
		<wp:post_type>attachment</wp:post_type>
		<wp:post_password></wp:post_password>
		<wp:is_sticky>0</wp:is_sticky>
		<wp:attachment_url>https://chorltonwanderers.files.wordpress.com/2013/09/bikeandgo.png</wp:attachment_url>
		<wp:postmeta>
			<wp:meta_key>_wp_attached_file</wp:meta_key>
			<wp:meta_value><![CDATA[/home/wpcom/public_html/wp-content/blogs.dir/dab/43178530/files/2013/09/bikeandgo.png]]></wp:meta_value>
		</wp:postmeta>
		<wp:postmeta>
			<wp:meta_key>_wp_attachment_metadata</wp:meta_key>
			<wp:meta_value><![CDATA[a:5:{s:5:"width";i:347;s:6:"height";i:89;s:4:"file";s:85:"/home/wpcom/public_html/wp-content/blogs.dir/dab/43178530/files/2013/09/bikeandgo.png";s:5:"sizes";a:0:{}s:10:"image_meta";a:11:{s:8:"aperture";i:0;s:6:"credit";s:0:"";s:6:"camera";s:0:"";s:7:"caption";s:0:"";s:17:"created_timestamp";i:0;s:9:"copyright";s:0:"";s:12:"focal_length";i:0;s:3:"iso";i:0;s:13:"shutter_speed";i:0;s:5:"title";s:0:"";s:11:"orientation";i:0;}}]]></wp:meta_value>
		</wp:postmeta>
	</item>
	<item>
		<title>brompton</title>
		<link>https://chorltonwanderers.wordpress.com/bike-shops/brompton-2/</link>
		<pubDate>Fri, 21 Aug 2015 19:22:40 +0000</pubDate>
		<dc:creator>chorltonwanderers</dc:creator>
		<guid isPermaLink="false">http://chorltonwanderers.files.wordpress.com/2013/09/brompton.jpg</guid>
		<description></description>
		<content:encoded><![CDATA[]]></content:encoded>
		<excerpt:encoded><![CDATA[]]></excerpt:encoded>
		<wp:post_id>3772</wp:post_id>
		<wp:post_date>2015-08-21 19:22:40</wp:post_date>
		<wp:post_date_gmt>2015-08-21 19:22:40</wp:post_date_gmt>
		<wp:comment_status>open</wp:comment_status>
		<wp:ping_status>closed</wp:ping_status>
		<wp:post_name>brompton-2</wp:post_name>
		<wp:status>inherit</wp:status>
		<wp:post_parent>1646</wp:post_parent>
		<wp:menu_order>0</wp:menu_order>
		<wp:post_type>attachment</wp:post_type>
		<wp:post_password></wp:post_password>
		<wp:is_sticky>0</wp:is_sticky>
		<wp:attachment_url>https://chorltonwanderers.files.wordpress.com/2013/09/brompton.jpg</wp:attachment_url>
		<wp:postmeta>
			<wp:meta_key>_wp_attached_file</wp:meta_key>
			<wp:meta_value><![CDATA[/home/wpcom/public_html/wp-content/blogs.dir/dab/43178530/files/2013/09/brompton.jpg]]></wp:meta_value>
		</wp:postmeta>
		<wp:postmeta>
			<wp:meta_key>_wp_attachment_metadata</wp:meta_key>
			<wp:meta_value><![CDATA[a:5:{s:5:"width";i:212;s:6:"height";i:96;s:4:"file";s:84:"/home/wpcom/public_html/wp-content/blogs.dir/dab/43178530/files/2013/09/brompton.jpg";s:5:"sizes";a:0:{}s:10:"image_meta";a:11:{s:8:"aperture";i:0;s:6:"credit";s:0:"";s:6:"camera";s:0:"";s:7:"caption";s:0:"";s:17:"created_timestamp";i:0;s:9:"copyright";s:0:"";s:12:"focal_length";i:0;s:3:"iso";i:0;s:13:"shutter_speed";i:0;s:5:"title";s:0:"";s:11:"orientation";i:0;}}]]></wp:meta_value>
		</wp:postmeta>
	</item>
	<item>
		<title>bikebarn</title>
		<link>https://chorltonwanderers.wordpress.com/bike-shops/bikebarn/</link>
		<pubDate>Fri, 21 Aug 2015 19:26:26 +0000</pubDate>
		<dc:creator>chorltonwanderers</dc:creator>
		<guid isPermaLink="false">http://chorltonwanderers.files.wordpress.com/2013/09/bikebarn.jpg</guid>
		<description></description>
		<content:encoded><![CDATA[]]></content:encoded>
		<excerpt:encoded><![CDATA[]]></excerpt:encoded>
		<wp:post_id>3774</wp:post_id>
		<wp:post_date>2015-08-21 19:26:26</wp:post_date>
		<wp:post_date_gmt>2015-08-21 19:26:26</wp:post_date_gmt>
		<wp:comment_status>open</wp:comment_status>
		<wp:ping_status>closed</wp:ping_status>
		<wp:post_name>bikebarn</wp:post_name>
		<wp:status>inherit</wp:status>
		<wp:post_parent>1646</wp:post_parent>
		<wp:menu_order>0</wp:menu_order>
		<wp:post_type>attachment</wp:post_type>
		<wp:post_password></wp:post_password>
		<wp:is_sticky>0</wp:is_sticky>
		<wp:attachment_url>https://chorltonwanderers.files.wordpress.com/2013/09/bikebarn.jpg</wp:attachment_url>
		<wp:postmeta>
			<wp:meta_key>_wp_attached_file</wp:meta_key>
			<wp:meta_value><![CDATA[/home/wpcom/public_html/wp-content/blogs.dir/dab/43178530/files/2013/09/bikebarn.jpg]]></wp:meta_value>
		</wp:postmeta>
		<wp:postmeta>
			<wp:meta_key>_wp_attachment_metadata</wp:meta_key>
			<wp:meta_value><![CDATA[a:5:{s:5:"width";i:96;s:6:"height";i:104;s:4:"file";s:84:"/home/wpcom/public_html/wp-content/blogs.dir/dab/43178530/files/2013/09/bikebarn.jpg";s:5:"sizes";a:0:{}s:10:"image_meta";a:11:{s:8:"aperture";i:0;s:6:"credit";s:0:"";s:6:"camera";s:0:"";s:7:"caption";s:0:"";s:17:"created_timestamp";i:0;s:9:"copyright";s:0:"";s:12:"focal_length";i:0;s:3:"iso";i:0;s:13:"shutter_speed";i:0;s:5:"title";s:0:"";s:11:"orientation";i:0;}}]]></wp:meta_value>
		</wp:postmeta>
	</item>
	<item>
		<title>manchesterbikehire</title>
		<link>https://chorltonwanderers.wordpress.com/bike-shops/manchesterbikehire-2/</link>
		<pubDate>Fri, 21 Aug 2015 19:34:29 +0000</pubDate>
		<dc:creator>chorltonwanderers</dc:creator>
		<guid isPermaLink="false">http://chorltonwanderers.files.wordpress.com/2013/09/manchesterbikehire.jpg</guid>
		<description></description>
		<content:encoded><![CDATA[]]></content:encoded>
		<excerpt:encoded><![CDATA[]]></excerpt:encoded>
		<wp:post_id>3776</wp:post_id>
		<wp:post_date>2015-08-21 19:34:29</wp:post_date>
		<wp:post_date_gmt>2015-08-21 19:34:29</wp:post_date_gmt>
		<wp:comment_status>open</wp:comment_status>
		<wp:ping_status>closed</wp:ping_status>
		<wp:post_name>manchesterbikehire-2</wp:post_name>
		<wp:status>inherit</wp:status>
		<wp:post_parent>1646</wp:post_parent>
		<wp:menu_order>0</wp:menu_order>
		<wp:post_type>attachment</wp:post_type>
		<wp:post_password></wp:post_password>
		<wp:is_sticky>0</wp:is_sticky>
		<wp:attachment_url>https://chorltonwanderers.files.wordpress.com/2013/09/manchesterbikehire.jpg</wp:attachment_url>
		<wp:postmeta>
			<wp:meta_key>_wp_attached_file</wp:meta_key>
			<wp:meta_value><![CDATA[/home/wpcom/public_html/wp-content/blogs.dir/dab/43178530/files/2013/09/manchesterbikehire.jpg]]></wp:meta_value>
		</wp:postmeta>
		<wp:postmeta>
			<wp:meta_key>_wp_attachment_metadata</wp:meta_key>
			<wp:meta_value><![CDATA[a:5:{s:5:"width";i:561;s:6:"height";i:241;s:4:"file";s:94:"/home/wpcom/public_html/wp-content/blogs.dir/dab/43178530/files/2013/09/manchesterbikehire.jpg";s:5:"sizes";a:0:{}s:10:"image_meta";a:11:{s:8:"aperture";i:0;s:6:"credit";s:0:"";s:6:"camera";s:0:"";s:7:"caption";s:0:"";s:17:"created_timestamp";i:0;s:9:"copyright";s:0:"";s:12:"focal_length";i:0;s:3:"iso";i:0;s:13:"shutter_speed";i:0;s:5:"title";s:0:"";s:11:"orientation";i:0;}}]]></wp:meta_value>
		</wp:postmeta>
	</item>
	<item>
		<title>kp</title>
		<link>https://chorltonwanderers.wordpress.com/bike-shops/kp/</link>
		<pubDate>Fri, 21 Aug 2015 20:12:41 +0000</pubDate>
		<dc:creator>chorltonwanderers</dc:creator>
		<guid isPermaLink="false">http://chorltonwanderers.files.wordpress.com/2013/09/kp.jpg</guid>
		<description></description>
		<content:encoded><![CDATA[]]></content:encoded>
		<excerpt:encoded><![CDATA[]]></excerpt:encoded>
		<wp:post_id>3783</wp:post_id>
		<wp:post_date>2015-08-21 20:12:41</wp:post_date>
		<wp:post_date_gmt>2015-08-21 20:12:41</wp:post_date_gmt>
		<wp:comment_status>open</wp:comment_status>
		<wp:ping_status>closed</wp:ping_status>
		<wp:post_name>kp</wp:post_name>
		<wp:status>inherit</wp:status>
		<wp:post_parent>1646</wp:post_parent>
		<wp:menu_order>0</wp:menu_order>
		<wp:post_type>attachment</wp:post_type>
		<wp:post_password></wp:post_password>
		<wp:is_sticky>0</wp:is_sticky>
		<wp:attachment_url>https://chorltonwanderers.files.wordpress.com/2013/09/kp.jpg</wp:attachment_url>
		<wp:postmeta>
			<wp:meta_key>_wp_attached_file</wp:meta_key>
			<wp:meta_value><![CDATA[/home/wpcom/public_html/wp-content/blogs.dir/dab/43178530/files/2013/09/kp.jpg]]></wp:meta_value>
		</wp:postmeta>
		<wp:postmeta>
			<wp:meta_key>_wp_attachment_metadata</wp:meta_key>
			<wp:meta_value><![CDATA[a:5:{s:5:"width";i:112;s:6:"height";i:173;s:4:"file";s:78:"/home/wpcom/public_html/wp-content/blogs.dir/dab/43178530/files/2013/09/kp.jpg";s:5:"sizes";a:0:{}s:10:"image_meta";a:11:{s:8:"aperture";i:0;s:6:"credit";s:0:"";s:6:"camera";s:0:"";s:7:"caption";s:0:"";s:17:"created_timestamp";i:0;s:9:"copyright";s:0:"";s:12:"focal_length";i:0;s:3:"iso";i:0;s:13:"shutter_speed";i:0;s:5:"title";s:0:"";s:11:"orientation";i:0;}}]]></wp:meta_value>
		</wp:postmeta>
	</item>
	<item>
		<title>keep</title>
		<link>https://chorltonwanderers.wordpress.com/bike-shops/keep/</link>
		<pubDate>Fri, 21 Aug 2015 20:20:51 +0000</pubDate>
		<dc:creator>chorltonwanderers</dc:creator>
		<guid isPermaLink="false">http://chorltonwanderers.files.wordpress.com/2013/09/keep.jpg</guid>
		<description></description>
		<content:encoded><![CDATA[]]></content:encoded>
		<excerpt:encoded><![CDATA[]]></excerpt:encoded>
		<wp:post_id>3785</wp:post_id>
		<wp:post_date>2015-08-21 20:20:51</wp:post_date>
		<wp:post_date_gmt>2015-08-21 20:20:51</wp:post_date_gmt>
		<wp:comment_status>open</wp:comment_status>
		<wp:ping_status>closed</wp:ping_status>
		<wp:post_name>keep</wp:post_name>
		<wp:status>inherit</wp:status>
		<wp:post_parent>1646</wp:post_parent>
		<wp:menu_order>0</wp:menu_order>
		<wp:post_type>attachment</wp:post_type>
		<wp:post_password></wp:post_password>
		<wp:is_sticky>0</wp:is_sticky>
		<wp:attachment_url>https://chorltonwanderers.files.wordpress.com/2013/09/keep.jpg</wp:attachment_url>
		<wp:postmeta>
			<wp:meta_key>_wp_attached_file</wp:meta_key>
			<wp:meta_value><![CDATA[/home/wpcom/public_html/wp-content/blogs.dir/dab/43178530/files/2013/09/keep.jpg]]></wp:meta_value>
		</wp:postmeta>
		<wp:postmeta>
			<wp:meta_key>_wp_attachment_metadata</wp:meta_key>
			<wp:meta_value><![CDATA[a:5:{s:5:"width";i:105;s:6:"height";i:105;s:4:"file";s:80:"/home/wpcom/public_html/wp-content/blogs.dir/dab/43178530/files/2013/09/keep.jpg";s:5:"sizes";a:0:{}s:10:"image_meta";a:11:{s:8:"aperture";i:0;s:6:"credit";s:0:"";s:6:"camera";s:0:"";s:7:"caption";s:0:"";s:17:"created_timestamp";i:0;s:9:"copyright";s:0:"";s:12:"focal_length";i:0;s:3:"iso";i:0;s:13:"shutter_speed";i:0;s:5:"title";s:0:"";s:11:"orientation";i:0;}}]]></wp:meta_value>
		</wp:postmeta>
	</item>
	<item>
		<title>fosters</title>
		<link>https://chorltonwanderers.wordpress.com/bike-shops/fosters/</link>
		<pubDate>Fri, 21 Aug 2015 20:40:23 +0000</pubDate>
		<dc:creator>chorltonwanderers</dc:creator>
		<guid isPermaLink="false">http://chorltonwanderers.files.wordpress.com/2013/09/fosters.jpg</guid>
		<description></description>
		<content:encoded><![CDATA[]]></content:encoded>
		<excerpt:encoded><![CDATA[]]></excerpt:encoded>
		<wp:post_id>3789</wp:post_id>
		<wp:post_date>2015-08-21 20:40:23</wp:post_date>
		<wp:post_date_gmt>2015-08-21 20:40:23</wp:post_date_gmt>
		<wp:comment_status>open</wp:comment_status>
		<wp:ping_status>closed</wp:ping_status>
		<wp:post_name>fosters</wp:post_name>
		<wp:status>inherit</wp:status>
		<wp:post_parent>1646</wp:post_parent>
		<wp:menu_order>0</wp:menu_order>
		<wp:post_type>attachment</wp:post_type>
		<wp:post_password></wp:post_password>
		<wp:is_sticky>0</wp:is_sticky>
		<wp:attachment_url>https://chorltonwanderers.files.wordpress.com/2013/09/fosters.jpg</wp:attachment_url>
		<wp:postmeta>
			<wp:meta_key>_wp_attached_file</wp:meta_key>
			<wp:meta_value><![CDATA[/home/wpcom/public_html/wp-content/blogs.dir/dab/43178530/files/2013/09/fosters.jpg]]></wp:meta_value>
		</wp:postmeta>
		<wp:postmeta>
			<wp:meta_key>_wp_attachment_metadata</wp:meta_key>
			<wp:meta_value><![CDATA[a:5:{s:5:"width";i:457;s:6:"height";i:136;s:4:"file";s:83:"/home/wpcom/public_html/wp-content/blogs.dir/dab/43178530/files/2013/09/fosters.jpg";s:5:"sizes";a:0:{}s:10:"image_meta";a:11:{s:8:"aperture";i:0;s:6:"credit";s:0:"";s:6:"camera";s:0:"";s:7:"caption";s:0:"";s:17:"created_timestamp";i:0;s:9:"copyright";s:0:"";s:12:"focal_length";i:0;s:3:"iso";i:0;s:13:"shutter_speed";i:0;s:5:"title";s:0:"";s:11:"orientation";i:0;}}]]></wp:meta_value>
		</wp:postmeta>
	</item>
	<item>
		<title>halfords</title>
		<link>https://chorltonwanderers.wordpress.com/bike-shops/halfords/</link>
		<pubDate>Fri, 21 Aug 2015 20:43:32 +0000</pubDate>
		<dc:creator>chorltonwanderers</dc:creator>
		<guid isPermaLink="false">http://chorltonwanderers.files.wordpress.com/2013/09/halfords.gif</guid>
		<description></description>
		<content:encoded><![CDATA[]]></content:encoded>
		<excerpt:encoded><![CDATA[]]></excerpt:encoded>
		<wp:post_id>3791</wp:post_id>
		<wp:post_date>2015-08-21 20:43:32</wp:post_date>
		<wp:post_date_gmt>2015-08-21 20:43:32</wp:post_date_gmt>
		<wp:comment_status>open</wp:comment_status>
		<wp:ping_status>closed</wp:ping_status>
		<wp:post_name>halfords</wp:post_name>
		<wp:status>inherit</wp:status>
		<wp:post_parent>1646</wp:post_parent>
		<wp:menu_order>0</wp:menu_order>
		<wp:post_type>attachment</wp:post_type>
		<wp:post_password></wp:post_password>
		<wp:is_sticky>0</wp:is_sticky>
		<wp:attachment_url>https://chorltonwanderers.files.wordpress.com/2013/09/halfords.gif</wp:attachment_url>
		<wp:postmeta>
			<wp:meta_key>_wp_attached_file</wp:meta_key>
			<wp:meta_value><![CDATA[/home/wpcom/public_html/wp-content/blogs.dir/dab/43178530/files/2013/09/halfords.gif]]></wp:meta_value>
		</wp:postmeta>
		<wp:postmeta>
			<wp:meta_key>_wp_attachment_metadata</wp:meta_key>
			<wp:meta_value><![CDATA[a:5:{s:5:"width";i:203;s:6:"height";i:77;s:4:"file";s:84:"/home/wpcom/public_html/wp-content/blogs.dir/dab/43178530/files/2013/09/halfords.gif";s:5:"sizes";a:0:{}s:10:"image_meta";a:11:{s:8:"aperture";i:0;s:6:"credit";s:0:"";s:6:"camera";s:0:"";s:7:"caption";s:0:"";s:17:"created_timestamp";i:0;s:9:"copyright";s:0:"";s:12:"focal_length";i:0;s:3:"iso";i:0;s:13:"shutter_speed";i:0;s:5:"title";s:0:"";s:11:"orientation";i:0;}}]]></wp:meta_value>
		</wp:postmeta>
	</item>
	<item>
		<title>walk_ride_festival_2015</title>
		<link>https://chorltonwanderers.wordpress.com/group-rides/other-cycling-events-in-greater-manchester/walk_ride_festival_2015/</link>
		<pubDate>Tue, 25 Aug 2015 18:02:25 +0000</pubDate>
		<dc:creator>chorltonwanderers</dc:creator>
		<guid isPermaLink="false">http://chorltonwanderers.files.wordpress.com/2012/11/walk_ride_festival_2015.png</guid>
		<description></description>
		<content:encoded><![CDATA[]]></content:encoded>
		<excerpt:encoded><![CDATA[]]></excerpt:encoded>
		<wp:post_id>3812</wp:post_id>
		<wp:post_date>2015-08-25 18:02:25</wp:post_date>
		<wp:post_date_gmt>2015-08-25 18:02:25</wp:post_date_gmt>
		<wp:comment_status>open</wp:comment_status>
		<wp:ping_status>closed</wp:ping_status>
		<wp:post_name>walk_ride_festival_2015</wp:post_name>
		<wp:status>inherit</wp:status>
		<wp:post_parent>67</wp:post_parent>
		<wp:menu_order>0</wp:menu_order>
		<wp:post_type>attachment</wp:post_type>
		<wp:post_password></wp:post_password>
		<wp:is_sticky>0</wp:is_sticky>
		<wp:attachment_url>https://chorltonwanderers.files.wordpress.com/2012/11/walk_ride_festival_2015.png</wp:attachment_url>
		<wp:postmeta>
			<wp:meta_key>_wp_attachment_metadata</wp:meta_key>
			<wp:meta_value><![CDATA[a:5:{s:5:"width";i:199;s:6:"height";i:111;s:4:"file";s:99:"/home/wpcom/public_html/wp-content/blogs.dir/dab/43178530/files/2012/11/walk_ride_festival_2015.png";s:5:"sizes";a:0:{}s:10:"image_meta";a:11:{s:8:"aperture";i:0;s:6:"credit";s:0:"";s:6:"camera";s:0:"";s:7:"caption";s:0:"";s:17:"created_timestamp";i:0;s:9:"copyright";s:0:"";s:12:"focal_length";i:0;s:3:"iso";i:0;s:13:"shutter_speed";i:0;s:5:"title";s:0:"";s:11:"orientation";i:0;}}]]></wp:meta_value>
		</wp:postmeta>
		<wp:postmeta>
			<wp:meta_key>_wp_attached_file</wp:meta_key>
			<wp:meta_value><![CDATA[/home/wpcom/public_html/wp-content/blogs.dir/dab/43178530/files/2012/11/walk_ride_festival_2015.png]]></wp:meta_value>
		</wp:postmeta>
	</item>
	<item>
		<title>getoutandgive</title>
		<link>https://chorltonwanderers.wordpress.com/links/getoutandgive/</link>
		<pubDate>Tue, 25 Aug 2015 18:09:21 +0000</pubDate>
		<dc:creator>chorltonwanderers</dc:creator>
		<guid isPermaLink="false">http://chorltonwanderers.files.wordpress.com/2012/11/getoutandgive.jpeg</guid>
		<description></description>
		<content:encoded><![CDATA[]]></content:encoded>
		<excerpt:encoded><![CDATA[]]></excerpt:encoded>
		<wp:post_id>3815</wp:post_id>
		<wp:post_date>2015-08-25 18:09:21</wp:post_date>
		<wp:post_date_gmt>2015-08-25 18:09:21</wp:post_date_gmt>
		<wp:comment_status>open</wp:comment_status>
		<wp:ping_status>closed</wp:ping_status>
		<wp:post_name>getoutandgive</wp:post_name>
		<wp:status>inherit</wp:status>
		<wp:post_parent>41</wp:post_parent>
		<wp:menu_order>0</wp:menu_order>
		<wp:post_type>attachment</wp:post_type>
		<wp:post_password></wp:post_password>
		<wp:is_sticky>0</wp:is_sticky>
		<wp:attachment_url>https://chorltonwanderers.files.wordpress.com/2012/11/getoutandgive.jpeg</wp:attachment_url>
		<wp:postmeta>
			<wp:meta_key>_wp_attachment_metadata</wp:meta_key>
			<wp:meta_value><![CDATA[a:5:{s:5:"width";i:180;s:6:"height";i:180;s:4:"file";s:90:"/home/wpcom/public_html/wp-content/blogs.dir/dab/43178530/files/2012/11/getoutandgive.jpeg";s:5:"sizes";a:0:{}s:10:"image_meta";a:11:{s:8:"aperture";i:0;s:6:"credit";s:0:"";s:6:"camera";s:0:"";s:7:"caption";s:0:"";s:17:"created_timestamp";i:0;s:9:"copyright";s:0:"";s:12:"focal_length";i:0;s:3:"iso";i:0;s:13:"shutter_speed";i:0;s:5:"title";s:0:"";s:11:"orientation";i:1;}}]]></wp:meta_value>
		</wp:postmeta>
		<wp:postmeta>
			<wp:meta_key>_wp_attached_file</wp:meta_key>
			<wp:meta_value><![CDATA[/home/wpcom/public_html/wp-content/blogs.dir/dab/43178530/files/2012/11/getoutandgive.jpeg]]></wp:meta_value>
		</wp:postmeta>
	</item>
	<item>
		<title>eatsleapcycle</title>
		<link>https://chorltonwanderers.wordpress.com/group-rides/other-cycling-events-in-greater-manchester/eatsleapcycle/</link>
		<pubDate>Fri, 28 Aug 2015 17:05:03 +0000</pubDate>
		<dc:creator>chorltonwanderers</dc:creator>
		<guid isPermaLink="false">http://chorltonwanderers.files.wordpress.com/2012/11/eatsleapcycle.jpg</guid>
		<description></description>
		<content:encoded><![CDATA[]]></content:encoded>
		<excerpt:encoded><![CDATA[]]></excerpt:encoded>
		<wp:post_id>3837</wp:post_id>
		<wp:post_date>2015-08-28 17:05:03</wp:post_date>
		<wp:post_date_gmt>2015-08-28 17:05:03</wp:post_date_gmt>
		<wp:comment_status>open</wp:comment_status>
		<wp:ping_status>closed</wp:ping_status>
		<wp:post_name>eatsleapcycle</wp:post_name>
		<wp:status>inherit</wp:status>
		<wp:post_parent>67</wp:post_parent>
		<wp:menu_order>0</wp:menu_order>
		<wp:post_type>attachment</wp:post_type>
		<wp:post_password></wp:post_password>
		<wp:is_sticky>0</wp:is_sticky>
		<wp:attachment_url>https://chorltonwanderers.files.wordpress.com/2012/11/eatsleapcycle.jpg</wp:attachment_url>
		<wp:postmeta>
			<wp:meta_key>_wp_attachment_metadata</wp:meta_key>
			<wp:meta_value><![CDATA[a:5:{s:5:"width";i:300;s:6:"height";i:150;s:4:"file";s:89:"/home/wpcom/public_html/wp-content/blogs.dir/dab/43178530/files/2012/11/eatsleapcycle.jpg";s:5:"sizes";a:0:{}s:10:"image_meta";a:11:{s:8:"aperture";i:0;s:6:"credit";s:0:"";s:6:"camera";s:0:"";s:7:"caption";s:0:"";s:17:"created_timestamp";i:0;s:9:"copyright";s:0:"";s:12:"focal_length";i:0;s:3:"iso";i:0;s:13:"shutter_speed";i:0;s:5:"title";s:0:"";s:11:"orientation";i:0;}}]]></wp:meta_value>
		</wp:postmeta>
		<wp:postmeta>
			<wp:meta_key>_wp_attached_file</wp:meta_key>
			<wp:meta_value><![CDATA[/home/wpcom/public_html/wp-content/blogs.dir/dab/43178530/files/2012/11/eatsleapcycle.jpg]]></wp:meta_value>
		</wp:postmeta>
	</item>
	<item>
		<title>eatsleapcycle</title>
		<link>https://chorltonwanderers.wordpress.com/group-rides/other-cycling-events-in-greater-manchester/eatsleapcycle-2/</link>
		<pubDate>Fri, 28 Aug 2015 17:07:28 +0000</pubDate>
		<dc:creator>chorltonwanderers</dc:creator>
		<guid isPermaLink="false">http://chorltonwanderers.files.wordpress.com/2012/11/eatsleapcycle1.jpg</guid>
		<description></description>
		<content:encoded><![CDATA[]]></content:encoded>
		<excerpt:encoded><![CDATA[]]></excerpt:encoded>
		<wp:post_id>3838</wp:post_id>
		<wp:post_date>2015-08-28 17:07:28</wp:post_date>
		<wp:post_date_gmt>2015-08-28 17:07:28</wp:post_date_gmt>
		<wp:comment_status>open</wp:comment_status>
		<wp:ping_status>closed</wp:ping_status>
		<wp:post_name>eatsleapcycle-2</wp:post_name>
		<wp:status>inherit</wp:status>
		<wp:post_parent>67</wp:post_parent>
		<wp:menu_order>0</wp:menu_order>
		<wp:post_type>attachment</wp:post_type>
		<wp:post_password></wp:post_password>
		<wp:is_sticky>0</wp:is_sticky>
		<wp:attachment_url>https://chorltonwanderers.files.wordpress.com/2012/11/eatsleapcycle1.jpg</wp:attachment_url>
		<wp:postmeta>
			<wp:meta_key>_wp_attachment_metadata</wp:meta_key>
			<wp:meta_value><![CDATA[a:5:{s:5:"width";i:130;s:6:"height";i:150;s:4:"file";s:90:"/home/wpcom/public_html/wp-content/blogs.dir/dab/43178530/files/2012/11/eatsleapcycle1.jpg";s:5:"sizes";a:0:{}s:10:"image_meta";a:11:{s:8:"aperture";i:0;s:6:"credit";s:0:"";s:6:"camera";s:0:"";s:7:"caption";s:0:"";s:17:"created_timestamp";i:0;s:9:"copyright";s:0:"";s:12:"focal_length";i:0;s:3:"iso";i:0;s:13:"shutter_speed";i:0;s:5:"title";s:0:"";s:11:"orientation";i:0;}}]]></wp:meta_value>
		</wp:postmeta>
		<wp:postmeta>
			<wp:meta_key>_wp_attached_file</wp:meta_key>
			<wp:meta_value><![CDATA[/home/wpcom/public_html/wp-content/blogs.dir/dab/43178530/files/2012/11/eatsleapcycle1.jpg]]></wp:meta_value>
		</wp:postmeta>
	</item>
	<item>
		<title>si</title>
		<link>https://chorltonwanderers.wordpress.com/group-rides/other-cycling-events-in-greater-manchester/si/</link>
		<pubDate>Fri, 28 Aug 2015 18:02:09 +0000</pubDate>
		<dc:creator>chorltonwanderers</dc:creator>
		<guid isPermaLink="false">http://chorltonwanderers.files.wordpress.com/2012/11/si.jpg</guid>
		<description></description>
		<content:encoded><![CDATA[]]></content:encoded>
		<excerpt:encoded><![CDATA[]]></excerpt:encoded>
		<wp:post_id>3842</wp:post_id>
		<wp:post_date>2015-08-28 18:02:09</wp:post_date>
		<wp:post_date_gmt>2015-08-28 18:02:09</wp:post_date_gmt>
		<wp:comment_status>open</wp:comment_status>
		<wp:ping_status>closed</wp:ping_status>
		<wp:post_name>si</wp:post_name>
		<wp:status>inherit</wp:status>
		<wp:post_parent>67</wp:post_parent>
		<wp:menu_order>0</wp:menu_order>
		<wp:post_type>attachment</wp:post_type>
		<wp:post_password></wp:post_password>
		<wp:is_sticky>0</wp:is_sticky>
		<wp:attachment_url>https://chorltonwanderers.files.wordpress.com/2012/11/si.jpg</wp:attachment_url>
		<wp:postmeta>
			<wp:meta_key>_wp_attachment_image_alt</wp:meta_key>
			<wp:meta_value><![CDATA[si]]></wp:meta_value>
		</wp:postmeta>
		<wp:postmeta>
			<wp:meta_key>_wp_attachment_metadata</wp:meta_key>
			<wp:meta_value><![CDATA[a:5:{s:5:"width";i:145;s:6:"height";i:165;s:4:"file";s:78:"/home/wpcom/public_html/wp-content/blogs.dir/dab/43178530/files/2012/11/si.jpg";s:5:"sizes";a:0:{}s:10:"image_meta";a:11:{s:8:"aperture";i:0;s:6:"credit";s:0:"";s:6:"camera";s:0:"";s:7:"caption";s:0:"";s:17:"created_timestamp";i:0;s:9:"copyright";s:0:"";s:12:"focal_length";i:0;s:3:"iso";i:0;s:13:"shutter_speed";i:0;s:5:"title";s:0:"";s:11:"orientation";i:0;}}]]></wp:meta_value>
		</wp:postmeta>
		<wp:postmeta>
			<wp:meta_key>_wp_attached_file</wp:meta_key>
			<wp:meta_value><![CDATA[/home/wpcom/public_html/wp-content/blogs.dir/dab/43178530/files/2012/11/si.jpg]]></wp:meta_value>
		</wp:postmeta>
	</item>
	<item>
		<title>velo-tech-logo</title>
		<link>https://chorltonwanderers.wordpress.com/bike-shops/velo-tech-logo/</link>
		<pubDate>Thu, 03 Sep 2015 22:49:07 +0000</pubDate>
		<dc:creator>chorltonwanderers</dc:creator>
		<guid isPermaLink="false">http://chorltonwanderers.files.wordpress.com/2013/09/velo-tech-logo.png</guid>
		<description></description>
		<content:encoded><![CDATA[]]></content:encoded>
		<excerpt:encoded><![CDATA[]]></excerpt:encoded>
		<wp:post_id>3853</wp:post_id>
		<wp:post_date>2015-09-03 22:49:07</wp:post_date>
		<wp:post_date_gmt>2015-09-03 22:49:07</wp:post_date_gmt>
		<wp:comment_status>open</wp:comment_status>
		<wp:ping_status>closed</wp:ping_status>
		<wp:post_name>velo-tech-logo</wp:post_name>
		<wp:status>inherit</wp:status>
		<wp:post_parent>1646</wp:post_parent>
		<wp:menu_order>0</wp:menu_order>
		<wp:post_type>attachment</wp:post_type>
		<wp:post_password></wp:post_password>
		<wp:is_sticky>0</wp:is_sticky>
		<wp:attachment_url>https://chorltonwanderers.files.wordpress.com/2013/09/velo-tech-logo.png</wp:attachment_url>
		<wp:postmeta>
			<wp:meta_key>_wp_attachment_metadata</wp:meta_key>
			<wp:meta_value><![CDATA[a:5:{s:5:"width";i:749;s:6:"height";i:684;s:4:"file";s:90:"/home/wpcom/public_html/wp-content/blogs.dir/dab/43178530/files/2013/09/velo-tech-logo.png";s:5:"sizes";a:0:{}s:10:"image_meta";a:11:{s:8:"aperture";i:0;s:6:"credit";s:0:"";s:6:"camera";s:0:"";s:7:"caption";s:0:"";s:17:"created_timestamp";i:0;s:9:"copyright";s:0:"";s:12:"focal_length";i:0;s:3:"iso";i:0;s:13:"shutter_speed";i:0;s:5:"title";s:0:"";s:11:"orientation";i:0;}}]]></wp:meta_value>
		</wp:postmeta>
		<wp:postmeta>
			<wp:meta_key>_wp_attached_file</wp:meta_key>
			<wp:meta_value><![CDATA[/home/wpcom/public_html/wp-content/blogs.dir/dab/43178530/files/2013/09/velo-tech-logo.png]]></wp:meta_value>
		</wp:postmeta>
		<wp:postmeta>
			<wp:meta_key>_wp_attachment_image_alt</wp:meta_key>
			<wp:meta_value><![CDATA[Velotech]]></wp:meta_value>
		</wp:postmeta>
	</item>
	<item>
		<title>cyclesurgery</title>
		<link>https://chorltonwanderers.wordpress.com/bike-shops/cyclesurgery/</link>
		<pubDate>Sun, 06 Sep 2015 10:39:56 +0000</pubDate>
		<dc:creator>chorltonwanderers</dc:creator>
		<guid isPermaLink="false">http://chorltonwanderers.files.wordpress.com/2013/09/cyclesurgery.png</guid>
		<description></description>
		<content:encoded><![CDATA[]]></content:encoded>
		<excerpt:encoded><![CDATA[]]></excerpt:encoded>
		<wp:post_id>3871</wp:post_id>
		<wp:post_date>2015-09-06 10:39:56</wp:post_date>
		<wp:post_date_gmt>2015-09-06 10:39:56</wp:post_date_gmt>
		<wp:comment_status>open</wp:comment_status>
		<wp:ping_status>closed</wp:ping_status>
		<wp:post_name>cyclesurgery</wp:post_name>
		<wp:status>inherit</wp:status>
		<wp:post_parent>1646</wp:post_parent>
		<wp:menu_order>0</wp:menu_order>
		<wp:post_type>attachment</wp:post_type>
		<wp:post_password></wp:post_password>
		<wp:is_sticky>0</wp:is_sticky>
		<wp:attachment_url>https://chorltonwanderers.files.wordpress.com/2013/09/cyclesurgery.png</wp:attachment_url>
		<wp:postmeta>
			<wp:meta_key>_wp_attachment_metadata</wp:meta_key>
			<wp:meta_value><![CDATA[a:5:{s:5:"width";i:343;s:6:"height";i:58;s:4:"file";s:88:"/home/wpcom/public_html/wp-content/blogs.dir/dab/43178530/files/2013/09/cyclesurgery.png";s:5:"sizes";a:0:{}s:10:"image_meta";a:11:{s:8:"aperture";i:0;s:6:"credit";s:0:"";s:6:"camera";s:0:"";s:7:"caption";s:0:"";s:17:"created_timestamp";i:0;s:9:"copyright";s:0:"";s:12:"focal_length";i:0;s:3:"iso";i:0;s:13:"shutter_speed";i:0;s:5:"title";s:0:"";s:11:"orientation";i:0;}}]]></wp:meta_value>
		</wp:postmeta>
		<wp:postmeta>
			<wp:meta_key>_wp_attached_file</wp:meta_key>
			<wp:meta_value><![CDATA[/home/wpcom/public_html/wp-content/blogs.dir/dab/43178530/files/2013/09/cyclesurgery.png]]></wp:meta_value>
		</wp:postmeta>
	</item>
	<item>
		<title>kidicalmass</title>
		<link>https://chorltonwanderers.wordpress.com/group-rides/other-cycling-events-in-greater-manchester/kidicalmass/</link>
		<pubDate>Tue, 08 Sep 2015 08:04:59 +0000</pubDate>
		<dc:creator>chorltonwanderers</dc:creator>
		<guid isPermaLink="false">http://chorltonwanderers.files.wordpress.com/2012/11/kidicalmass.jpg</guid>
		<description></description>
		<content:encoded><![CDATA[]]></content:encoded>
		<excerpt:encoded><![CDATA[]]></excerpt:encoded>
		<wp:post_id>3879</wp:post_id>
		<wp:post_date>2015-09-08 08:04:59</wp:post_date>
		<wp:post_date_gmt>2015-09-08 08:04:59</wp:post_date_gmt>
		<wp:comment_status>open</wp:comment_status>
		<wp:ping_status>closed</wp:ping_status>
		<wp:post_name>kidicalmass</wp:post_name>
		<wp:status>inherit</wp:status>
		<wp:post_parent>67</wp:post_parent>
		<wp:menu_order>0</wp:menu_order>
		<wp:post_type>attachment</wp:post_type>
		<wp:post_password></wp:post_password>
		<wp:is_sticky>0</wp:is_sticky>
		<wp:attachment_url>https://chorltonwanderers.files.wordpress.com/2012/11/kidicalmass.jpg</wp:attachment_url>
		<wp:postmeta>
			<wp:meta_key>_wp_attachment_metadata</wp:meta_key>
			<wp:meta_value><![CDATA[a:5:{s:5:"width";i:217;s:6:"height";i:200;s:4:"file";s:87:"/home/wpcom/public_html/wp-content/blogs.dir/dab/43178530/files/2012/11/kidicalmass.jpg";s:5:"sizes";a:0:{}s:10:"image_meta";a:11:{s:8:"aperture";i:0;s:6:"credit";s:0:"";s:6:"camera";s:0:"";s:7:"caption";s:0:"";s:17:"created_timestamp";i:0;s:9:"copyright";s:0:"";s:12:"focal_length";i:0;s:3:"iso";i:0;s:13:"shutter_speed";i:0;s:5:"title";s:0:"";s:11:"orientation";i:0;}}]]></wp:meta_value>
		</wp:postmeta>
		<wp:postmeta>
			<wp:meta_key>_wp_attached_file</wp:meta_key>
			<wp:meta_value><![CDATA[/home/wpcom/public_html/wp-content/blogs.dir/dab/43178530/files/2012/11/kidicalmass.jpg]]></wp:meta_value>
		</wp:postmeta>
	</item>
	<item>
		<title>scootathlon</title>
		<link>https://chorltonwanderers.wordpress.com/group-rides/other-cycling-events-in-greater-manchester/scootathlon/</link>
		<pubDate>Tue, 08 Sep 2015 08:33:52 +0000</pubDate>
		<dc:creator>chorltonwanderers</dc:creator>
		<guid isPermaLink="false">http://chorltonwanderers.files.wordpress.com/2012/11/scootathlon.jpg</guid>
		<description></description>
		<content:encoded><![CDATA[]]></content:encoded>
		<excerpt:encoded><![CDATA[]]></excerpt:encoded>
		<wp:post_id>3881</wp:post_id>
		<wp:post_date>2015-09-08 08:33:52</wp:post_date>
		<wp:post_date_gmt>2015-09-08 08:33:52</wp:post_date_gmt>
		<wp:comment_status>open</wp:comment_status>
		<wp:ping_status>closed</wp:ping_status>
		<wp:post_name>scootathlon</wp:post_name>
		<wp:status>inherit</wp:status>
		<wp:post_parent>67</wp:post_parent>
		<wp:menu_order>0</wp:menu_order>
		<wp:post_type>attachment</wp:post_type>
		<wp:post_password></wp:post_password>
		<wp:is_sticky>0</wp:is_sticky>
		<wp:attachment_url>https://chorltonwanderers.files.wordpress.com/2012/11/scootathlon.jpg</wp:attachment_url>
		<wp:postmeta>
			<wp:meta_key>_wp_attachment_metadata</wp:meta_key>
			<wp:meta_value><![CDATA[a:5:{s:5:"width";i:558;s:6:"height";i:137;s:4:"file";s:87:"/home/wpcom/public_html/wp-content/blogs.dir/dab/43178530/files/2012/11/scootathlon.jpg";s:5:"sizes";a:0:{}s:10:"image_meta";a:11:{s:8:"aperture";i:0;s:6:"credit";s:0:"";s:6:"camera";s:0:"";s:7:"caption";s:0:"";s:17:"created_timestamp";i:0;s:9:"copyright";s:0:"";s:12:"focal_length";i:0;s:3:"iso";i:0;s:13:"shutter_speed";i:0;s:5:"title";s:0:"";s:11:"orientation";i:0;}}]]></wp:meta_value>
		</wp:postmeta>
		<wp:postmeta>
			<wp:meta_key>_wp_attached_file</wp:meta_key>
			<wp:meta_value><![CDATA[/home/wpcom/public_html/wp-content/blogs.dir/dab/43178530/files/2012/11/scootathlon.jpg]]></wp:meta_value>
		</wp:postmeta>
	</item>
	<item>
		<title>peace</title>
		<link>https://chorltonwanderers.wordpress.com/group-rides/other-cycling-events-in-greater-manchester/peace/</link>
		<pubDate>Tue, 15 Sep 2015 19:08:42 +0000</pubDate>
		<dc:creator>chorltonwanderers</dc:creator>
		<guid isPermaLink="false">http://chorltonwanderers.files.wordpress.com/2012/11/peace.jpg</guid>
		<description></description>
		<content:encoded><![CDATA[]]></content:encoded>
		<excerpt:encoded><![CDATA[]]></excerpt:encoded>
		<wp:post_id>3901</wp:post_id>
		<wp:post_date>2015-09-15 19:08:42</wp:post_date>
		<wp:post_date_gmt>2015-09-15 19:08:42</wp:post_date_gmt>
		<wp:comment_status>open</wp:comment_status>
		<wp:ping_status>closed</wp:ping_status>
		<wp:post_name>peace</wp:post_name>
		<wp:status>inherit</wp:status>
		<wp:post_parent>67</wp:post_parent>
		<wp:menu_order>0</wp:menu_order>
		<wp:post_type>attachment</wp:post_type>
		<wp:post_password></wp:post_password>
		<wp:is_sticky>0</wp:is_sticky>
		<wp:attachment_url>https://chorltonwanderers.files.wordpress.com/2012/11/peace.jpg</wp:attachment_url>
		<wp:postmeta>
			<wp:meta_key>_wp_attachment_metadata</wp:meta_key>
			<wp:meta_value><![CDATA[a:5:{s:5:"width";i:560;s:6:"height";i:370;s:4:"file";s:81:"/home/wpcom/public_html/wp-content/blogs.dir/dab/43178530/files/2012/11/peace.jpg";s:5:"sizes";a:0:{}s:10:"image_meta";a:11:{s:8:"aperture";i:0;s:6:"credit";s:19:"Library of Congress";s:6:"camera";s:0:"";s:7:"caption";s:0:"";s:17:"created_timestamp";i:0;s:9:"copyright";s:0:"";s:12:"focal_length";i:0;s:3:"iso";i:0;s:13:"shutter_speed";i:0;s:5:"title";s:0:"";s:11:"orientation";i:0;}}]]></wp:meta_value>
		</wp:postmeta>
		<wp:postmeta>
			<wp:meta_key>_wp_attached_file</wp:meta_key>
			<wp:meta_value><![CDATA[/home/wpcom/public_html/wp-content/blogs.dir/dab/43178530/files/2012/11/peace.jpg]]></wp:meta_value>
		</wp:postmeta>
	</item>
</channel>
</rss>
